	Sequence
Truseq RPI 01	ATCACG
Truseq RPI 02	CGATGT
Truseq RPI 03	TTAGGC
Truseq RPI 04	TGACCA
Truseq RPI 05	ACAGTG
Truseq RPI 06	GCCAAT
Truseq RPI 07	CAGATC
Truseq RPI 08	ACTTGA
Truseq RPI 09	GATCAG
Truseq RPI 10	TAGCTT
Truseq RPI 11	GGCTAC
Truseq RPI 12	CTTGTA
Truseq RPI 13	AGTCAA
Truseq RPI 14	AGTTCC
Truseq RPI 15	ATGTCA
Truseq RPI 16	CCGTCC
NO 17	GTAGAG
Truseq RPI 18	GTCCGC
Truseq RPI 19	GTGAAA
Truseq RPI 20	GTGGCC
Truseq RPI 21	GTTTCG
Truseq RPI 22	CGTACG
Truseq RPI 23	GAGTGG
NO 24	GGTAGC
Truseq RPI 25	ACTGAT
NO 26	ATGAGC
Truseq RPI 27	ATTCCT
Truseq RPI 28	CAAAAG
Truseq RPI 29	CAACTA
Truseq RPI 30	CACCGG
Truseq RPI 31	CACGAT
Truseq RPI 32	CACTCA
Truseq RPI 33	CAGGCG
Truseq RPI 34	CATGGC
Truseq RPI 35	CATTTT
Truseq RPI 36	CCAACA
Truseq RPI 37	CGGAAT
Truseq RPI 38	CTAGCT
Truseq RPI 39	CTATAC
Truseq RPI 40	CTCAGA
Truseq RPI 41	GACGAC
Truseq RPI 42	TAATCG
Truseq RPI 43	TACAGC
Truseq RPI 44	TATAAT
Truseq RPI 45	TCATTC
Truseq RPI 46	TCCCGA
Truseq RPI 47	TCGAAG
Truseq RPI 48	TCGGCA