Farsi	English	Pinglish	Frequency
و	And	w	778211
در	At	red	720406
به	To	heb	509081
از	From	za	476880
که	That	hek	285043
است	Is	tesa	238876
این	This	naa	227097
را	And	ar	220832
با	With	ab	168867
رده	Category	hedr	141844
آن	It	na	111050
سال	Year	las	107712
برای	To	aareb	85421
یک	One	eka	84193
ایران	Iran	naraa	83178
بود	were	dewb	70730
او	She	wa	69800
بر	On	reb	66158
شد	Was	dhes	65409
نام	name	man	58230
منابع	References	nawen	57741
شده	By	rugad	57409
تا	until the	heshekb	55865
خود	Own	aeka	55622
یا	Or	natesa	53086
می‌شود	Is	sep	50251
دارد	has it	rareq	45163
کرد	Did	wed	44980
تاریخ	Date	natesrhhes	44379
شهر	City	ekeraas	44009
نیز	Also	zan	43532
سیارک	Asteroid	rhhes	43029
شهرستان	City	hekarat	42756
دو	Two	derek	37123
قرار	The	derad	37062
پس	So	dewhes‌am	35527
استان	State	aa	35486
یکی	One	dewhek	34886
بخش	the part	at	34126
دیگر	Other	hedhes	31701
عنوان	the subject	ebanem	30183
بیرون	the outside	newrab	29967
وی	She	aw	29917
زبان	Language	nabez	29842
می	The	am	29561
تهران	Tehran	narhet	29488
پیوند	link	denwaep	29386
هم	Too	mh	29328
های	Of	aah	29288
دانشگاه	University	haughesnad	28377
استفاده	Use	hedafetsa	28359
میلادی	ad	adalam	28214
هر	Each	rh	26512
مطلق	Absolute	qeltem	26384
نفر	Person	refn	25315
کشور	Country	rewhesek	25077
ملی	National	alem	24953
جمعیت	the population	deb	24228
وجود	Existence	zekerm	23580
آمریکا	America	augednez	23578
توسط	By	azekerm	23182
می‌باشد	is	nateshed	23104
می‌کند	he does	nab	22945
برابر	Equal	rebmatepes	22366
کار	Work	tesd	22355
آنها	They	ah	22352
کوچک	Little	namez	21641
مورد	Case	awer	21481
فیلم	the movie	hedweb	21424
صورت	the face	dentesh	21151
محمد	Mohammad	ama	21072
شده‌است	Is	batek	20970
باشد	Is	dhesab	20968
کتاب	Book	tesa‌hedhes	20933
اما	But	demhem	20476
هستند	are	terwes	20454
بوده	Been	melaf	20453
روی	On	derwem	20152
زمان	Time	ekehecwek	20057
ها	And	ahena	19071
دست	Hand	raek	18959
سپتامبر	September	rebareb	18826
بین	Among	denek‌am	18734
دهستان	Rural district	dhesab‌am	18658
مرکزی	Central	teswet	17876
زندگی	Life	aekarema	17772
مرکز	Center	dewjew	17748
بعد	Then	taemej	17395
همچنین	also	nanehecmh	17388
پیش	Ago	hesaep	17374
روز	Day	zewr	17273
دارای	Has	aarad	17254
شود	Is	dewhes	17099
منبع	Source	eqaw	16892
فارسی	Farsi	medrem	16801
اول	First	amalesa	16763
اسلامی	Islamic	lewa	16733
مردم	People	aseraf	16631
واقع	Indeed	ebenm	16577
گروه	group	hewrug	16175
بزرگ	Great	ugerzeb	16044
آب	Water	ba	15824
اجرام	Bodies	mareja	15755
داشت	The	thesad	15741
اهل	From	lha	15623
روستاهای	Villages	aahateswer	15586
ناسا	NASA	asan	15585
وابسته	Dependent	hetsebaw	15500
تصویر	Image	rawest	15434
بازیابی‌شده	Recovered	hedhes‌abaazab	15406
اصلی	the original	alesa	15280
شرکت	Company	tekerhes	15256
دادگان	Data set	naugedad	15129
سیارک‌ها	Asteroids	ah‌ekeraas	15116
جنگ	War	ugenj	14804
دوم	Second	mewd	14798
کند	Slow	denek	14765
فهرست	Contents	tesrhef	14760
انگلیسی	English	asalugena	14519
نظر	Opinion	rezn	14495
جعبه	Box	al	14494
مانند	As	dennek‌am	14386
بیشتر	More	anaraa	14310
موسیقی	Music	redq	14302
کرده	done	epaehec	14255
منطقه	Area	hes	14197
دوره	the period	raz	14184
بسیار	Very	raaseb	14166
زیر	Under	herwed	14157
سه	Three	heqtenm	14151
چاپ	print	hedrek	14136
قدر	Magnitude	aqasewm	14101
ایرانی	Iranian	rethesab	14084
می‌کنند	they do	dennam	14064
علی	Ali	hebej	13570
سازمان	Organization	namezas	13517
داد	The	dad	13334
آثار	Effects	raheta	13274
اطلاعات	Information	talaef	13257
بن	B.	zahega	13226
انجام	Performance	lah	13179
ولی	But	nalewa	13155
جهان	the world	ahekreb	13093
بودند	They were	azab	13061
آمار	Facts	denehec	13041
داشته	Have	har	12983
جستارهای	See also	denrad	12919
مرگ	Death	naam	12867
جمهوری	Republic	arewhemj	12859
میان	Among	ugerm	12850
دارند	have	aaheratesj	12838
راه	Way	hethesad	12820
چند	Several	rama	12522
بازی	game	dendewb	12255
برخی	Some	nahej	12254
اولین	the first	alew	12134
حال	Now	majena	12083
آغاز	the beginning	neb	11997
فعالیت	Activity	taealeta	11985
داده	Data	hedad	11965
روستا	Village	ateswer	11782
اثر	Effect	rheta	11780
جنوب	South	bewnej	11680
شرقی	Eastern	aqerhes	11663
می‌توان	Can	nawet‌am	11557
غربی	Western	aberheg	11541
نوع	Type	hewemjem	11533
شاه	King	a	11521
رسمی	Official	daab	11511
دولت	Government	narewd	11499
گرفته	Was	tefrug	11481
حدود	About	nedhes	11405
تولید	Production	ruga	11230
نقش	Role	haug‌bew	11206
بار	Bar	ham	11156
تشکیل	Formation	lemahes	11085
فوتبال	Soccer	nedrek	11049
روستای	village	ab	11036
می‌شوند	be	asaas	11035
آذربایجان	Azerbaijan	lamhes	10897
همراه	Along	ahent	10875
كه	That	araaseb	10870
بسیاری	Many	hek	10822
تنها	single	haremh	10752
شمال	North	najaaberda	10696
سیاسی	Political	denwhes‌am	10675
بی	Without	aateswer	10665
کردن	The	labetwef	10660
شامل	Contains	laekhest	10645
ماه	the moon	rab	10596
وب‌گاه	Website	hesqen	10535
اگر	If	dalewt	10491
شدن	Become	dewdh	10483
گرفت	Was	hetferug	10446
دوران	Era	telwed	10376
باید	Must	amesr	10259
ی	The	hahes	10213
مجموعه	Collection	ewen	10002
حزب	Party	bezh	9994
محل	Location	lhem	9974
ایجاد	Creation	dajaa	9653
جمله	Sentence	helmej	9643
جهانی	Global	anahej	9545
اساس	Basis	sasa	9520
همین	This	namh	9498
زمین	the earth	namez	9480
می‌دهد	Gives	dhed‌am	9478
مختلف	Different	felthekm	9442
شهرهای	cities of	aaherhhes	9366
سر	Head	res	9292
شکل	Shape	lekhes	9272
ساخته	Made	hethekas	9248
نشان	sign	nahesn	9231
زادگان	Descendants	naugedaz	9156
اين	this	neya	9144
انقلاب	the revolution	baleqna	9102
فرهنگ	Culture	ugenherf	8999
طول	the length	lewt	8914
همه	All	hemh	8862
کردند	They	denderek	8788
متر	Meter	retm	8681
علوم	Sciences	fewrem	8644
جایزه	Award	adaaz	8629
خط	Line	newehec	8582
ساخت	Making	hedhetm	8538
شدند	Was	hesnaref	8527
افراد	People	mamet	8495
بیش	More	hets	8458
تیم	Team	laled	8457
درگاه	Port	ahekarat	8450
تاریخی	Historical	haugerd	8405
دلیل	the reason	mat	8359
سطح	Level	hesab	8355
تمام	All	darefa	8306
فرانسه	France	dendhes	8297
متحده	United	thekas	8295
چون	Because	thek	8284
زیادی	Lot	hezaaj	8261
معروف	Famous	mewl	8218
سید	Syed	das	8216
توجه	Attention	hejwet	8195
ای	Oh you	aa	8192
عربی	Arabic	dadet	8184
نخستین	First	tefaa	8168
همان	Same	tesan	8125
سیستم	System	reteked	8122
من	I	dadej	8107
پایان	End	dewmen	8057
هجری	Hegira	arejh	8036
نمود	The	naaaep	7981
جدید	New	nem	7972
دکتر	Doctor	metsas	7972
نیست	is not	namh	7962
یافت	Found	nateshekn	7905
تعداد	Number	aber	7887
هزار	Thousand	razh	7870
مجلس	Parliament	seljem	7860
برنامه	Program	hemanerb	7857
ایالات	States	talaaa	7831
احمد	Ahmad	demha	7828
علمی	Academic	ebawet	7817
ص	P.	hetfug	7811
گفته	Statement	s	7811
توابع	Functions	amel	7795
جهت	Direction	thej	7755
طور	Way	rewt	7746
قرن	Century	nerq	7736
قبل	Before	lebq	7734
بهترین	Best	naretheb	7722
اسلام	Islam	malesa	7702
سوم	Third	mews	7675
بوده‌است	have been	tesa‌hedweb	7667
نویسنده	the writer	hednesawen	7661
یعنی	that's mean	heteab	7650
آزاد	Free	tebsen	7620
جوایز	awards	hemjert	7613
قابل	Able	temwekh	7503
غیر	Other	bew	7407
زنان	Women	dena	7402
تولد	Birth	namela	7391
تغییر	Change	tarahestena	7389
داستان	Story	dennek	7353
خانه	Home	thet	7352
مدت	Time	sawenaep	7347
ما	We	herahesa	7335
اشاره	Hint	am	7331
پانویس	References	tedm	7318
تحت	Under	henahek	7315
کنند	They	natesad	7280
انتشارات	Publishers	raahegt	7210
آلمان	Germany	delwet	7207
اند	Have	nanez	7175
وب	the Web	raheg	7106
حکومت	Government	lebaq	7105
ترجمه	Translation	zaawej	7102
نسبت	Ratio	daza	7084
باعث	cause	anea	7065
زمانی	Time	anamez	7056
وارد	Enter	deraw	7055
رشته	field	hethesr	7046
نوشته	Writing	hetheswen	7025
حسین	Hossein	nash	7020
رئیس	head of	amewm	7008
انتشار	Publication	sepes	7004
سمت	Side	denawet‌am	6998
کیلومتر	Kilometer	abewnej	6996
مسجد	Mosque	newnaq	6975
دیگری	Other	arugad	6962
قانون	Law	dejsem	6944
جنوبی	Southern	retmewlaek	6937
می‌تواند	Can	tems	6933
سپس	Then	rahestena	6921
عمومی	General	saer	6916
اینکه	That	hekenaa	6907
شورای	Council	aarewhes	6877
ادامه	Continuation	hemada	6864
الله	Allah	hella	6852
خواهد	Will	dhawhek	6852
فرهنگی	Cultural	augenherf	6836
چهار	Four	rahehec	6823
منتشر	publish	rhestenm	6808
سوی	The	awes	6791
آمد	Came	dema	6790
بدون	Without	newdeb	6756
خان	Khan	nahek	6702
سرشماری	Census	aramhesres	6665
آلبوم	Albums	mewbela	6664
قلعه	Castle	malea	6626
درگذشتگان	Dead	heswer	6613
روستایی	rural	aaj	6598
آن‌ها	They	haughesab	6596
می‌شد	Been	mhem	6569
درجه	Degree	nez	6551
مربوط	Related	heszewma	6543
صفحه	Page	aah‌nateshed	6515
بازیگر	Actor	bahektena	6501
رنگ	Color	hekahes	6413
بالا	Top	hehec	6396
چه	What	alab	6386
شیخ	Sheikh	ugenr	6372
انتخاب	Selection	rugazab	6371
دهستان‌های	Municipality	hhefs	6352
آموزش	Education	tewberm	6334
زن	Female	hejred	6321
مهم	Important	dhes‌am	6319
باشگاه	Gym	ah‌na	6316
جای	Instead	aaateswer	6279
روش	Way	naugethesdugerd	6260
اعلام	Declaration	heleq	6256
دور	far way	rewd	6206
باز	Open	zab	6202
غرب	the West	berheg	6164
کوه	Mountain	hewek	6138
گردید	Was	daderug	6138
اروپا	Europe	aepewra	6136
نه	No	hen	6136
روزنامه	Newspaper	hemanezwer	6135
کامل	Full	lemaek	6133
شروع	Start	qar	6132
اهالی	inhabitants	temseq	6105
قسمت	Section	alaha	6080
عراق	Iraq	ewerhes	6070
شمالی	North	alamhes	6063
اجتماعی	Social	aadea	6025
اعضای	members	aeametja	6022
ممکن	Possible	nekemm	6011
تبدیل	Conversion	ladebt	6009
هنر	Art	renh	6006
خانوار	Family	rawenahek	6005
کشورهای	countries	aaherwhesek	5999
ترین	Most	naret	5997
آمریکایی	American	aaaekarema	5994
انسان	Man	nasena	5978
پسر	Boy	resep	5977
شبکه	Network	hekebhes	5969
امام	Imam	mama	5949
خورشیدی	Solar	adahesrewhek	5941
سایت	site	taas	5939
افزایش	Increase	hesaazefa	5917
حقوق	Law	qewqh	5913
بازدید	Visit	dadezab	5871
حسن	Hasan	nesh	5846
مناطق	areas	qetanem	5841
نیروی	the force	aweran	5838
وزارت	Ministry	terazew	5809
نظامی	Military	amazen	5790
تقویم	Calendar	maweqt	5781
شماره	No	heramhes	5775
جان	John	naj	5770
کنار	next to the	ranek	5755
رسید	Receipt	daser	5754
دهه	Decade	hhed	5720
دنیا	World	aaned	5716
هیچ	Any	ehecah	5713
چنین	Such	nanehec	5710
عضو	Member	hesewt	5709
آباد	Abad	seraf	5696
آنجا	There	hedaz	5694
آنان	They	dewjewm	5693
افغانستان	Afghanistan	taabeda	5686
خراسان	Khorasan	aneb	5670
بنا	Building	nasarhek	5664
ادبیات	the literature	natesnahegfa	5662
موجود	Available	nana	5650
زاده	born	ajena	5615
فارس	Fars	daba	5608
توسعه	Development	wed	5599
سی	Thirty	as	5599
عمل	Action	anem	5577
کننده	Of	tesaar	5573
ریاست	Presidency	hednenek	5559
معنی	Meaning	lem	5546
تپه	Hill	hepet	5540
مهندسی	Engineering	asednhem	5533
جلد	Cover	delj	5531
می‌گیرد	Takes	deraug‌am	5526
درباره	About	heraberd	5523
مواد	materials	dawem	5510
جام	Cup	maj	5503
خانواده	Family	hedawenahek	5490
طبیعی	normal	laearesa	5477
قدرت	the power	tefr	5470
دریافت	Reception	newalam	5445
حضور	Presence	aahewran	5442
سبک	Light	dewr‌am	5429
فیلم‌های	Films	alhekad	5424
حتی	Even	herazej	5421
جریان	current	nahefsa	5404
انتخابات	election	telaaa	5400
سازی	Of	nedweb	5383
هنگام	Time	at	5368
طریق	Way	redep	5358
پدر	Father	qaret	5357
طی	During	maugenh	5356
بودن	to be	azas	5335
ایالت	State	tabahektena	5326
اصفهان	Esfahan	naarej	5306
جزیره	Island	ath	5301
داخلی	Internal	aah‌melaf	5299
می‌رود	goes	ekebs	5292
نیروهای	Forces	rewdh	5285
میلیون	Million	tefaared	5282
رفت	Went	terdeq	5275
اسرائیل	Israel	aeabet	5261
طراحی	Designing	aharet	5233
نتیجه	Result	hejaten	5212
گل	Flower	lug	5205
می‌کرد	Was	derek‌am	5198
کمک	Help	ekemek	5184
می‌گردد	Is	dedrug‌am	5179
گفت	said	tefug	5170
پیدا	Find	adaep	5167
شعر	Poetry	tel	5161
علت	Cause	rehes	5160
درصد	Percent	desred	5158
پزشکی	medical	aekheszep	5157
میلاد	Birth	dalam	5156
حرکت	movement	tekerh	5144
ویکی	Wiki	aekaw	5130
استاد	Professor	datesa	5108
نزدیک	Close	ekadezn	5108
خارج	Out	jerahek	5081
قمری	Lunar	aremq	5062
انواع	types of	teres	5051
گذشته	Past	hedekhesnad	5046
م	The	teqf	5045
سایر	Other	hejaw	5043
واحد	the unit	yem	5042
رشد	Growth	aanaepesa	5027
هند	India	haugaaep	5023
چین	China	denhesab	5020
سده	Century	hasewr	4996
انجمن	Community	adasetqa	4996
مرد	Man	fert	4984
ندارد	does not have	dewr	4981
شناخته	known	ahedadawer	4981
برد	win	henamez	4979
زمینه	Background	derb	4969
رویدادها	events	hethekanhes	4965
رود	River	deraden	4962
طرف	the side	derm	4954
اقتصادی	Economic	nemjena	4953
روسیه	Russia	heds	4942
باشند	Are	naehec	4939
پایگاه	Base	denh	4931
اسپانیا	Spain	dhesr	4929
مي	The	dhaw	4925
ویژه	Special	raas	4924
فقط	Only	m	4920
دانشکده	College	hethesdug	4918
سرعت	Speed	eawena	4903
وزیر	Minister	razew	4897
کم	little	mek	4882
حالت	state of	telah	4874
پی	Foundation	aep	4868
تر	Wet	ret	4864
شرق	East	qerhes	4849
زنده	Live	hednez	4848
بیماری	Sickness	aramab	4819
قرآن	Quran	nareq	4803
اکنون	now	newneka	4801
اندازه	Size	hezadena	4775
بررسی	Check	aserreb	4761
مدرسه	School	hesredm	4749
آمده	The	hedma	4720
شمار	the count	ramhes	4716
ارائه	Presentation	mel	4707
رضا	Reza	ad	4691
بدن	Body	taradem	4689
میرزا	Mirza	azeram	4687
مدیریت	Management	nedb	4670
دی	January	ader	4669
علم	Science	heara	4667
کل	Total	lek	4652
کشاورزی	Agriculture	azerwahesek	4648
دیده	Seen	hedad	4636
نشر	Publication	rhesn	4635
نیاز	Need	zaan	4633
سن	Age	nes	4626
گونه	Species	henwug	4620
ارتش	Army	hestera	4619
نامه	Letter	heman	4604
پرداخت	the payment	thekaderep	4604
نمایش	the show	hesaamen	4603
یادکرد	Mention	derekedaa	4599
حمله	Attack	helmh	4593
ترتیب	Order	batert	4556
مشهور	Famous	rewhhesm	4551
جامعه	Society	adeb	4546
موارد	Items	amadeq	4538
آخرین	Latest	rhesan	4533
کنترل	Control	arhhes	4531
هنری	artistic	aah‌las	4525
شوند	Are	derwa	4521
کاهش	Decrease	rad	4496
رو	Face	maseqt	4484
تقسیم	Division	wer	4483
دار	Arrow	heshaek	4483
آورد	The	denwhes	4456
سال‌های	Years	arenh	4453
شهری	Urban	lertenek	4452
ناشر	Publisher	narheka	4448
قدیمی	Old	derawem	4447
بعضی	Some	hemaj	4444
عدد	number	atenes	4443
ق	Reddit	hert	4441
شده‌اند	have became	dena‌hedhes	4441
طرح	Plan	q	4440
صنعتی	Industrial	ded	4425
دستگاه	Device	haugetsed	4409
عالی	Excellent	teas	4407
مصر	Egypt	retahek	4402
پهلوی	Pahlavi	ugens	4375
سنگ	Rock	awelhep	4369
خاطر	Mind	resm	4346
ساعت	the watch	ala	4343
بخش‌های	Sections	aah‌heshekb	4343
دین	Religion	nad	4324
مناسبت‌ها	Events	ah‌tebsanem	4324
تبریز	Tabriz	zarebt	4322
بازار	Market	razab	4321
پایه	Foundation	haaep	4318
دهد	The	dhed	4317
فصل	Season	lesf	4311
می‌آید	comes	daa‌am	4293
باستان	Ancient	natesab	4281
دختر	Girl	rethekd	4280
پرونده	File	hednewrep	4276
حاضر	Present	redah	4275
محمود	Mahmood	dewmhem	4266
دانش	Knowledge	hesnad	4262
بیان	Expression	naab	4256
اینترنتی	Online	atenretnaa	4236
ارتفاع	Height	aferem	4228
بازی‌های	Games of	rewma	4227
مساحت	Area	d	4219
پخش	Broadcast	sahek	4216
اجرا	Performance	aah‌natesa	4210
داخل	Inside	laqetna	4206
آزادی	the freedom	denzerf	4202
البته	Of course	tabetra	4193
پادشاه	King	resmh	4192
می‌دهند	they give	alelmela‌nab	4188
وبگاه	Website	nateslugena	4178
انگلستان	England	haugebw	4177
بین‌المللی	international	denhed‌am	4166
همسر	Spouse	hahesdaep	4148
ارتباط	Relationship	hetbela	4147
فرزند	Son	adaza	4147
انتقال	the transfer	lhekad	4146
استان‌های	States	areja	4141
خاص	Special	heshekep	4140
د	D.	thasem	4127
امور	Affairs	aah‌azab	4126
معرفی	Introduction	eafetra	4114
خارجی	Foreign	ajerahek	4107
نشانی	Address	anahesn	4105
نور	Light	rewn	4099
چشم	Eye	mhesehec	4098
انرژی	Energy	aejerna	4092
تعریف	Definition	sab	4079
پنج	Five	hahet	4079
دادن	Give	nadam	4064
میدان	square	nedad	4060
تهیه	Procurement	jenep	4058
عباس	Abbas	faret	4051
هدف	Target	fedh	4049
مصرف	Consumption	fersem	4048
معمولاً	Usually	hewal	4042
ساختمان	Building	net	4037
نسخه	prescription	hezwerma	4026
فاصله	Space	helsaf	4026
امروزه	Nowadays	hheksen	4021
تن	Ton	namethekas	4017
علاوه	plus	naalewmem	4017
نقل	Transportation	leqn	4016
واژه	Word	hejaw	4016
ماده	a matter	hedam	4011
بخشی	Sectional	aheshekb	4002
شرح	Description	herhes	3992
کشته	murdered	hethesek	3984
شب	the night	bhes	3981
ابتدا	Beginning	adetba	3975
مشخص	Specified	shekhesm	3971
موضوع	Issue	aanem	3970
داشتند	they had	lhetm	3959
ده	Ten	ekahek	3958
سفید	White	aretmewlaek	3955
مارس	March	naugednesawen	3940
ازدواج	Marriage	teshekn	3921
کارگردان	Director	haas	3913
سیاه	Black	naderugeraek	3908
نخست	First	jawedza	3906
نویسندگان	writers	seram	3900
کیلومتری	Km	dafes	3899
خاک	Soil	hed	3893
مثل	Like	denthesad	3887
معنای	Meaning	ewedwem	3884
هنوز	yet still	zewnh	3880
پل	Bridge	lep	3872
کوتاه	Short	hatewek	3861
شناسی	knowing	asanhes	3855
ابراهیم	Abraham	mahareba	3855
میزان	Amount	nazam	3851
محلی	local	alhem	3849
سالگی	Years	augelas	3848
چهارم	Fourth	merahehec	3847
اقتصاد	Economy	dasetqa	3844
سفر	a trip	refs	3827
ژانویه	January	hawenaej	3823
مربع	Square	hal	3822
اجرای	implementation of	alek	3820
مثال	Example	razugerb	3816
مهدی	Mehdi	tesekhes	3814
سرزمین	Land	j	3808
فلسفه	Philosophy	herawenhesj	3806
اصل	Principle	40734073	3796
ابن	son	aanatareb	3789
می‌باشند	Are	tesa‌hedrek	3787
نظریه	Theory	daaz	3772
یاد	Memory	derf	3770
اکتبر	October	na	3767
خدا	God	adhek	3756
ان	It	rebteka	3726
فرد	Man	daa	3722
زیاد	much	harezn	3718
کرده‌است	has done	denhesab‌am	3716
بریتانیا	Great Britain	neba	3709
‌	37043704		lesa3685
جشنواره	Festival	hefself	3684
ج	C.	namezres	3684
شکست	Break	adhem	3672
برگزار	hold	lahetm	3666
کلی	General	aareja	3660
علیه	Against	eberm	3657
متولد	Born	delwetm	3655
اساسی	Basic	asasa	3653
نمونه	Sample	henwemn	3648
رودخانه	River	henahekdewr	3643
جمهور	President	rewhemj	3640
زبان‌های	Languages	aah‌nabez	3638
مقدار	the amount of	radeqm	3636
انسانی	human	anasena	3624
نظام	System	mazen	3619
معماری	Architecture	reahes	3619
باقی	rest	danek	3610
برجسته	highlight	thesdugerd	3610
مسیر	Direction	aaadep‌aekaw	3601
کسی	Someone	rhem	3601
ایشان	They	nahesaa	3599
مهر	stamp	asek	3596
ویکی‌پدیای	Wikipedia	rasem	3592
درگذشت	passed away	hetsejreb	3590
کنید	do	aqab	3585
شاعر	Poet	aramem	3585
فرانسوی	French	awesnaref	3583
گسترش	Spread	hesretsug	3578
رادیو	Radio	wadar	3577
آوریل	April	larewa	3571
پر	Full	rep	3564
مقابل	front side	lebaqem	3563
مقام	Office	maqem	3535
خون	Blood	newhek	3535
چندین	Several	nadenehec	3530
امکان	Possible	naekema	3530
نوامبر	November	rebmawen	3530
منظور	intended purpose	rewzenm	3514
می‌کردند	they did	denderek‌am	3511
تحصیل	Schooling	lashet	3499
اغلب	mostly	belhega	3497
همچون	Like	newehecmh	3497
شخصی	Personal	ashekhes	3497
دسته	Category	hetsed	3496
عامل	Factor	rem	3495
دسامبر	December	rebmased	3495
عمر	Life	lema	3492
نوعی	Typical	taalem	3489
دلار	Dollar	bewshem	3487
وقتی	when	daejen	3486
بازگشت	coming back	redneb	3483
می‌رسد	arrives	aaawh	3480
همکاری	Cooperation	halewa	3473
دولتی	Governmental	araug	3473
کسب	Business	tefh	3471
تلویزیونی	TV	rewtesd	3469
شوروی	Soviet	narugazab	3465
باستانی	Ancient	bejwem	3465
ثبت	Record	hedaman	3463
لیگ	League	ugal	3463
نامیده	Called	tebhet	3460
موجب	Cause	anatesab	3452
بازیگران	Actors	awerwhes	3443
دستور	Order	anewazawelt	3443
هفت	Seven	besek	3436
گیری	Trade	atelwed	3435
اولیه	Primary	araekemh	3427
هوایی	by air	desr‌am	3413
بندر	Port	thesugezab	3411
نژاد	Race	ateqw	3406
محسوب	Is	raled	3391
عملیات	the operation	aewen	3390
عهده	Responsibility	emej	3385
جمع	Total	hedh	3384
ناحیه	Area	hahan	3384
کشف	Discovery	fhesek	3380
یمن	Yemen	nema	3379
دانشگاه‌های	Universities	aah‌haughesnad	3378
نو	New	wen	3371
توضیح	Explanation	hadewt	3370
زیرا	Because	araz	3368
حمایت	Protection	taamh	3368
اطراف	Around	fareta	3367
طبق	According to	qebt	3364
نفت	Oil	tefn	3364
نقطه	Point	hetqen	3359
پایین	down	naaaep	3355
ستاره	Star	herates	3351
موزه	Museum	hezwem	3349
محیط	Environment	tahem	3346
پارک	Park	ekeraep	3346
موفق	Successful	qefwem	3316
دقیقه	Minute	heqaqed	3316
لازم	Necessary	mezal	3316
بیست	twenty	tesab	3315
کنونی	Modern	anewnek	3311
شما	You	amhes	3308
خواننده	Singer	hednenawhek	3300
فیزیک	Physics	ekazaf	3300
دریایی	Marine	aaaared	3295
شیراز	Shiraz	zarahes	3294
ژاپن	Japan	nepaej	3293
ذکر	Mention	reked	3292
خیابان	Avenue	nabaahek	3289
فروش	Sale	heswerf	3280
تاریخچه	History	hehechekarat	3276
پشت	Back	thesep	3275
نیویورک	New York	ekerwawan	3274
معاصر	Contemporary	eaanes	3266
باغ	Garden	amenas	3264
درمان	Treatment	aalataa	3263
شرایط	Conditions	taarhes	3254
ایتالیا	Italy	namerd	3248
سینما	the cinema	hegab	3244
صنایع	Industry	resaem	3240
استقلال	Esteghlal	laleqtesa	3237
بهمن	Avalanche	nemheb	3236
گرم	Hot	merug	3236
تیر	Arrow	rat	3225
قدیم	Old	madeq	3218
مشغول	Busy	lewheghesm	3217
عبارت	Phrase	naaet	3215
گروه‌های	groups	netm	3214
پادشاهی	Kingdom	saraep	3208
ساله	Year	taqebasem	3208
یافته	Found	ekert	3205
ترک	Turkish	hetfaa	3195
مسابقات	Competitions	helas	3195
پاریس	Paris	ahahesdaep	3189
متن	Text	aah‌hewrug	3189
تعیین	Determination	terab	3184
ژوئن	June	laef	3179
مادر	Mother	hesrazug	3174
نزدیکی	Proximity	taqen	3166
مکان	Place	teqw	3163
تأسیس	Founded	awedr	3161
میانه	Middle	haepes	3161
مذهبی	Religious	hednerb	3160
گاه	Time	rathekas	3157
پایتخت	Capital	adenb	3157
سالهای	Years	hesbenj	3145
خرداد	June	newred	3145
دومین	The second	harewf	3135
فوریه	February	namewd	3133
درون	inside of	daderhek	3132
جنبش	Movement	aahelas	3130
بندی	Category	thektaaep	3125
ساختار	Structure	haug	3124
برنده	Winner	abhedm	3124
سپاه	Army	henaam	3120
رضوی	Razavi	sasat	3119
وقت	Time	naekem	3118
نقاط	points	aekadezn	3110
گزارش	Report	redam	3105
فعال	active	newej	3103
حق	Right	qh	3102
اش	His	hesa	3094
جدا	Apart	adej	3093
پنجم	Fifth	mejnep	3090
خدمات	Services	tamedhek	3089
عصر	Evening	helladeb	3086
بدست	By	ma	3086
خلیج	Gulf	jalhek	3080
ام	Th	tesdeb	3076
عبدالله	Abdullah	res	3074
کودکان	children	naekedwek	3059
اداره	office	herada	3059
بعدی	next one	emaj	3059
جامع	Comprehensive	adeb	3056
مرحله	the level	helherm	3048
دریا	Sea	aared	3041
سری	Series	ares	3040
سیاست	Policy	tesaas	3032
زندان	Prison	nadenz	3026
بطور	The	rewteb	3023
کاربرد	Application	derberaek	3021
مدل	Model	ledm	3019
وسیله	the device	helasew	3019
المپیک	Olympic	ekaepemla	3018
فشار	Pressure	rahesf	3016
بلند	Tall	denleb	3016
المللی	International	alelmela	3016
امر	Affair	rema	3015
بعدها	Later	tenes	3010
مقاله	Article	mesarem	3006
آموزشی	Training	hetfer	3001
تو	You	retmek	2997
کمتر	fewer	wet	2995
رفته	Gone	aheszewma	2994
مراسم	Ceremony	helaqem	2992
صنعت	Industry	ahedeb	2992
دریای	sea	aaared	2986
آبی	Blue	aba	2981
نرم	Soft	mern	2979
تلویزیون	television	newazawelt	2976
بلکه	But	hekelb	2971
به‌	To	‌heb	2969
شیعه	Shia	med	2967
رهبری	Leadership	aaaafarhegj	2966
محله	The Neighbourhood	majenares	2961
شش	Six	zewrema	2960
گروهی	Group	hezwh	2955
حوزه	Area	ahewrug	2954
امروز	Today	heshes	2954
سرانجام	Finally	helhem	2952
جغرافیایی	Geographical	arebher	2951
عدم	Lack	heahes	2949
امیر	Amir	rama	2947
موسسه	Institution	hessewm	2940
توان	Power	nawet	2940
پاپ	the pope	epaep	2939
دفتر	Office	retfed	2939
متفاوت	Different	tewafetm	2936
لحاظ	Perspective	zahel	2933
ساز	Tool	zas	2931
مدتی	Period	atedm	2929
سبز	Green	zebs	2927
کتابخانه	Library	henahekbatek	2920
بسته	Closed	hetseb	2912
بنابراین	So	naarebaneb	2910
سلطان	King	natels	2903
اوت	August	tewa	2903
راست	Right	tesar	2901
مجله	Journal	heljem	2898
دانشجویان	Students	naawejhesnad	2896
عرب	Arab	ebat	2894
درخت	Tree	hesta	2892
دل	Heart	amamet	2891
تمامی	all	led	2887
آتش	Fire	thekred	2886
تابع	Function	ber	2880
آهنگ	Music	ugenha	2870
آلمانی	German	anamela	2870
دوباره	Again	herabewd	2865
خدمت	Service	temdhek	2864
ثابت	Fixed	tebahet	2864
فراهم	Prepared	mharef	2863
مقدس	Holy	sedqem	2862
گرفتن	Catch	netferug	2862
ورود	log in	dewrew	2860
بصورت	Just	terwesb	2856
مطرح	Proposed	hertem	2853
راک	rock	ekar	2850
مالی	Financial	alam	2848
قتل	Murder	letq	2847
فرزندان	Children	nadenzerf	2847
رتبه	Rank	hebter	2846
سبب	Cause	bebs	2845
شهرت	the fame	terhhes	2845
کشوری	State	arewhesek	2840
ترکیه	Turkey	haekert	2838
حالی	While	alah	2831
اسکار	Oscar	raekesa	2831
ضد	Against	ded	2829
مه	Fog	hem	2825
یونان	Greece	nanewa	2822
نزد	To	dezn	2814
‌ها	And	ah	2814
سنت	Tradition	tens	2808
پدرش	His father	hesredep	2806
روابط	Relations	tebawer	2801
مناسب	Appropriate	besanem	2799
هوا	Air	awh	2796
محدود	Limited	dewdhem	2794
ابهام‌زدایی	disambiguation	aaadez‌maheba	2789
دفاع	Defense	natesber	2771
سنتی	Traditional	atens	2767
عربستان	Arabia	eafed	2765
اهمیت	Importance	tamha	2754
روم	Rome	mewr	2746
ارومیه	Orumieh	hamewra	2746
ساده	Simple	hedas	2745
کرمان	Kerman	namerek	2740
کره	Butter	herek	2739
بهره	Interest	herheb	2735
عشق	Love	alewmem	2735
می‌گوید	Says	epehec	2728
می‌گویند	they say	denawug‌am	2725
چپ	Left	dawug‌am	2723
معمولا	Usually	qhes	2721
رمان	Novel	namer	2721
شهید	Martyr	dahhes	2720
خورشید	Sun	dahesrewhek	2718
تلاش	Effort	hesalet	2715
هاي	Of	yah	2714
ترکیب	Compound	baekert	2714
یونانی	Greek	ananewa	2711
کارگردانی	Directing	anaderugeraek	2705
حفظ	Protection	zefh	2698
تجاری	Commercial	arajet	2694
وضعیت	Condition	haewej	2688
فضایی	Spatial	dena‌hedrek	2688
دنبال	Follow	aasa	2684
اصول	Principles	aj	2676
جشن	Celebration	rugadeka	2670
امپراتوری	Imperial	h	2668
تحقیقات	researches	nadeb	2664
ملل	United	qelhek	2663
محصولات	Products	qerb	2661
می‌توانند	they can	amaugenh	2659
بشر	the human	dh	2658
تاسیس	Establishment	madeqa	2658
نیمه	Half	aadef	2655
فضای	space	heman	2642
اقدام	Action	sasat	2641
حد	Limit	rhesb	2632
هنگامی	when	dennawet‌am	2629
برق	Power	talewshem	2626
خلق	Creation	lelm	2623
بدین	The	taqaqhet	2623
ه	Of	arewtarepema	2623
یکدیگر	Each other	nhesj	2620
جا	Place	lewsa	2618
آسیا	Asia	labend	2617
کرده‌اند	Have	aaadef	2616
ژوئیه	June	taedew	2614
حاصل	Result	lesah	2614
سخت	Hard	theks	2612
اواخر	the late	rhekawa	2610
ایرانیان	Iranians	naanaraa	2610
رابطه	Relation	hetbar	2610
گوناگون	Various	newuganewug	2610
قوانین	Rules	nanaweq	2607
بستک	Bstk	eketseb	2603
بزرگی	Magnitude	augerzeb	2600
درآمد	Earnings	demared	2592
خبر	News	rebhek	2587
لندن	London	nednel	2584
مراکز	centers	zekarem	2580
دادند	gave	dendad	2572
سرخ	Red	hekres	2572